eventName,startDate,startTime,endDate,endTime
Learn the fundamentals of logical reasoning (LSAT),2024-12-16,08:00,2024-12-16,09:15
Break,2024-12-16,09:15,2024-12-16,10:00
Practice questions for logical reasoning (LSAT),2024-12-16,10:00,2024-12-16,11:30
Lunch Break,2024-12-16,11:30,2024-12-16,12:00
"Learn the fundamentals of ""reading comprehension"" for the LSAT",2024-12-16,12:00,2024-12-16,13:30
Break,2024-12-16,13:30,2024-12-16,14:15
Study session for LSAT,2024-12-16,14:15,2024-12-16,15:45
Short Break,2024-12-16,15:45,2024-12-16,16:00
Revision and Review of LSAT material,2024-12-16,16:00,2024-12-16,17:30
Dinner Break,2024-12-16,17:30,2024-12-16,18:00
Practice LSAT questions,2024-12-16,18:00,2024-12-16,19:30
Relaxation Break,2024-12-16,19:30,2024-12-16,19:45
Review and Wrap-Up,2024-12-16,19:45,2024-12-16,20:00
